<beans xmlns="http://www.springframework.org/schema/beans"  
    xmlns:xsi="http://www.w3.org/2001/XMLSchema-instance" 
    xmlns:tx="http://www.springframework.org/schema/tx"  
    xmlns:context="http://www.springframework.org/schema/context"  
    xmlns:mvc="http://www.springframework.org/schema/mvc"  
    xsi:schemaLocation="  
        http://www.springframework.org/schema/beans  
        http://www.springframework.org/schema/beans/spring-beans.xsd  
        http://www.springframework.org/schema/tx http://www.springframework.org/schema/tx/spring-tx.xsd
        http://www.springframework.org/schema/context  
        http://www.springframework.org/schema/context/spring-context.xsd  
        http://www.springframework.org/schema/mvc  
        http://www.springframework.org/schema/mvc/spring-mvc.xsd">  
	
	<context:component-scan base-package="com.cetpa" />
	<mvc:resources mapping="/CSS/**" location="/CSS/" />
	<mvc:annotation-driven/>
	<bean id="ds" class="org.springframework.jdbc.datasource.DriverManagerDataSource">
	  <property name="driverClassName" value="com.mysql.cj.jdbc.Driver"/>
	  <property name="url" value="jdbc:mysql://localhost:3306/mvc5"/>
	  <property name="username" value="root"/>
	  <property name="password" value="12345"/>	
	</bean> 
	<bean id="factory" class="org.springframework.orm.hibernate5.LocalSessionFactoryBean">
	  <property name="dataSource" ref="ds"/>
	  <property name="hibernateProperties">
			<props>
				<prop key="hibernate.dialect">org.hibernate.dialect.MySQL5Dialect</prop>
				<prop key="hibernate.hbm2ddl.auto">update</prop>
				<prop key="hibernate.show_sql">true</prop>
			</props>
		</property>
		<property name="packagesToScan" value="com.cetpa.model"></property>
	</bean>
</beans>